GSM	Group	Batch	OriginalLabel
GSM1332201	Control	GSE55235	healthy control
GSM1332202	Control	GSE55235	healthy control
GSM1332203	Control	GSE55235	healthy control
GSM1332204	Control	GSE55235	healthy control
GSM1332205	Control	GSE55235	healthy control
GSM1332206	Control	GSE55235	healthy control
GSM1332207	Control	GSE55235	healthy control
GSM1332208	Control	GSE55235	healthy control
GSM1332209	Control	GSE55235	healthy control
GSM1332210	Control	GSE55235	healthy control
GSM1332211	OA	GSE55235	osteoarthritis
GSM1332212	OA	GSE55235	synovial tissue isolated from osteoarthritic joint
GSM1332213	OA	GSE55235	synovial tissue isolated from osteoarthritic joint
GSM1332214	OA	GSE55235	synovial tissue isolated from osteoarthritic joint
GSM1332215	OA	GSE55235	synovial tissue isolated from osteoarthritic joint
GSM1332216	OA	GSE55235	synovial tissue isolated from osteoarthritic joint
GSM1332217	OA	GSE55235	synovial tissue isolated from osteoarthritic joint
GSM1332218	OA	GSE55235	synovial tissue isolated from osteoarthritic joint
GSM1332219	OA	GSE55235	synovial tissue isolated from osteoarthritic joint
GSM1332220	OA	GSE55235	synovial tissue isolated from osteoarthritic joint
GSM1337304	Control	GSE55457	normal control
GSM1337305	Control	GSE55457	normal control
GSM1337306	Control	GSE55457	normal control
GSM1337307	Control	GSE55457	normal control
GSM1337308	Control	GSE55457	normal control
GSM1337309	Control	GSE55457	normal control
GSM1337310	Control	GSE55457	normal control
GSM1337311	Control	GSE55457	normal control
GSM1337312	Control	GSE55457	normal control
GSM1337313	Control	GSE55457	normal control
GSM1337327	OA	GSE55457	osteoarthritis
GSM1337328	OA	GSE55457	osteoarthritis
GSM1337329	OA	GSE55457	osteoarthritis
GSM1337330	OA	GSE55457	osteoarthritis
GSM1337331	OA	GSE55457	osteoarthritis
GSM1337332	OA	GSE55457	osteoarthritis
GSM1337333	OA	GSE55457	osteoarthritis
GSM1337334	OA	GSE55457	osteoarthritis
GSM1337335	OA	GSE55457	osteoarthritis
GSM1337336	OA	GSE55457	osteoarthritis
