Sample	Group	Batch	Platform	OriginalLabel
GSM1332201	Control	GSE55235	GPL96	NA
GSM1332202	Control	GSE55235	GPL96	NA
GSM1332203	Control	GSE55235	GPL96	NA
GSM1332204	Control	GSE55235	GPL96	NA
GSM1332205	Control	GSE55235	GPL96	NA
GSM1332206	Control	GSE55235	GPL96	NA
GSM1332207	Control	GSE55235	GPL96	NA
GSM1332208	Control	GSE55235	GPL96	NA
GSM1332209	Control	GSE55235	GPL96	NA
GSM1332210	Control	GSE55235	GPL96	NA
GSM1332211	OA	GSE55235	GPL96	NA
GSM1332212	OA	GSE55235	GPL96	NA
GSM1332213	OA	GSE55235	GPL96	NA
GSM1332214	OA	GSE55235	GPL96	NA
GSM1332215	OA	GSE55235	GPL96	NA
GSM1332216	OA	GSE55235	GPL96	NA
GSM1332217	OA	GSE55235	GPL96	NA
GSM1332218	OA	GSE55235	GPL96	NA
GSM1332219	OA	GSE55235	GPL96	NA
GSM1332220	OA	GSE55235	GPL96	NA
GSM1337304	Control	GSE55457	GPL96	NA
GSM1337305	Control	GSE55457	GPL96	NA
GSM1337306	Control	GSE55457	GPL96	NA
GSM1337307	Control	GSE55457	GPL96	NA
GSM1337308	Control	GSE55457	GPL96	NA
GSM1337309	Control	GSE55457	GPL96	NA
GSM1337310	Control	GSE55457	GPL96	NA
GSM1337311	Control	GSE55457	GPL96	NA
GSM1337312	Control	GSE55457	GPL96	NA
GSM1337313	Control	GSE55457	GPL96	NA
GSM1337327	OA	GSE55457	GPL96	NA
GSM1337328	OA	GSE55457	GPL96	NA
GSM1337329	OA	GSE55457	GPL96	NA
GSM1337330	OA	GSE55457	GPL96	NA
GSM1337331	OA	GSE55457	GPL96	NA
GSM1337332	OA	GSE55457	GPL96	NA
GSM1337333	OA	GSE55457	GPL96	NA
GSM1337334	OA	GSE55457	GPL96	NA
GSM1337335	OA	GSE55457	GPL96	NA
GSM1337336	OA	GSE55457	GPL96	NA
GSM800602	OA	GSE32317	GPL570	OA_End_1
GSM800603	OA	GSE32317	GPL570	OA_End_2
GSM800604	OA	GSE32317	GPL570	OA_End_3
GSM800605	OA	GSE32317	GPL570	OA_End_4
GSM800606	OA	GSE32317	GPL570	OA_End_5
GSM800607	OA	GSE32317	GPL570	OA_End_6
GSM800608	OA	GSE32317	GPL570	OA_End_7
GSM800609	OA	GSE32317	GPL570	OA_End_8
GSM800610	OA	GSE32317	GPL570	OA_End_9
GSM800611	OA	GSE32317	GPL570	OA_Early_1
GSM800612	OA	GSE32317	GPL570	OA_Early_2
GSM800613	OA	GSE32317	GPL570	OA_Early_3
GSM800614	OA	GSE32317	GPL570	OA_Early_4
GSM800615	OA	GSE32317	GPL570	OA_Early_5
GSM800616	OA	GSE32317	GPL570	OA_Early_6
GSM800617	OA	GSE32317	GPL570	OA_Early_7
GSM800618	OA	GSE32317	GPL570	OA_Early_8
GSM800619	OA	GSE32317	GPL570	OA_Early_9
GSM800620	OA	GSE32317	GPL570	OA_Early_10
GSM175810	Control	GSE32317	GPL570	Healthy_1
GSM175812	Control	GSE32317	GPL570	Healthy_3
GSM176290	Control	GSE32317	GPL570	Healthy_4
GSM176291	Control	GSE32317	GPL570	Healthy_5
GSM176292	Control	GSE32317	GPL570	Healthy_6
GSM176268	Control	GSE32317	GPL570	Healthy_2
GSM176269	Control	GSE32317	GPL570	Healthy_7
